Starttime,Endtime,Activity,Time,Value,FromParticipantId,FromAccountId,ToParticipantId,ToAccountId,Linkcode,SettlementDeadline,T+x,case_id,case:concept:name,concept:name,time:timestamp,@@index,@@case_index,Start_date,number_of_hours_over_deadline
2024-03-08 19:20:01,2024-03-08 19:20:01+00:00,Settling,2024-03-05 05:43:43+00:00,137660927.8,3,7,1,7,1429,2024-03-05 19:30:00,0,1051,1051,Settling,2024-03-08 19:20:01+00:00,305,59,2024-03-08,72
2024-03-05 22:00:02,2024-03-05 22:00:02+00:00,Settling,2024-03-05 06:01:45+00:00,106280877.44,6,0,7,0,1384,2024-03-05 19:30:00,0,1058,1058,Settling,2024-03-05 22:00:02+00:00,338,66,2024-03-05,3
2024-03-06 01:30:01,2024-03-06 01:30:01+00:00,Settling,2024-03-05 06:56:41+00:00,23756033.6,4,7,7,7,334,2024-03-05 19:30:00,0,1078,1078,Settling,2024-03-06 01:30:01+00:00,451,88,2024-03-06,7
2024-03-06 01:30:01,2024-03-06 01:30:01+00:00,Settling,2024-03-05 07:14:45+00:00,140906903.03,6,0,2,0,353,2024-03-05 19:30:00,0,1085,1085,Settling,2024-03-06 01:30:01+00:00,489,96,2024-03-06,7
2024-03-05 22:00:02,2024-03-05 22:00:02+00:00,Settling,2024-03-05 08:28:20+00:00,35229431.5,7,0,1,0,362,2024-03-05 19:30:00,0,1117,1117,Settling,2024-03-05 22:00:02+00:00,654,132,2024-03-05,3
2024-03-06 01:30:01,2024-03-06 01:30:01+00:00,Settling,2024-03-05 09:21:22+00:00,28181308.44,7,0,3,0,301,2024-03-05 19:30:00,0,1131,1131,Settling,2024-03-06 01:30:01+00:00,729,148,2024-03-06,7
2024-03-06 01:30:01,2024-03-06 01:30:01+00:00,Settling,2024-03-05 09:27:51+00:00,43199102.52,5,3,6,3,1238,2024-03-05 19:30:00,0,1132,1132,Settling,2024-03-06 01:30:01+00:00,734,149,2024-03-06,7
2024-03-06 01:30:01,2024-03-06 01:30:01+00:00,Settling,2024-03-05 12:43:39+00:00,117739869.03,2,3,8,3,922,2024-03-05 19:30:00,0,1188,1188,Settling,2024-03-06 01:30:01+00:00,1008,210,2024-03-06,7
2024-03-05 22:00:02,2024-03-05 22:00:02+00:00,Settling,2024-03-05 13:14:13+00:00,45873549.81,4,6,7,6,1126,2024-03-05 19:30:00,0,1197,1197,Settling,2024-03-05 22:00:02+00:00,1053,220,2024-03-05,3
2024-03-05 22:00:02,2024-03-05 22:00:02+00:00,Settling,2024-03-05 14:35:58+00:00,75402107.85,3,6,4,6,860,2024-03-05 19:30:00,0,1226,1226,Settling,2024-03-05 22:00:02+00:00,1196,253,2024-03-05,3
2024-03-06 01:30:01,2024-03-06 01:30:01+00:00,Settling,2024-03-05 14:39:23+00:00,186556825.14,2,0,8,0,501,2024-03-05 19:30:00,0,1227,1227,Settling,2024-03-06 01:30:01+00:00,1201,254,2024-03-06,7
2024-03-05 22:00:02,2024-03-05 22:00:02+00:00,Settling,2024-03-05 14:48:14+00:00,15102460.08,7,1,3,1,1336,2024-03-05 19:30:00,0,1233,1233,Settling,2024-03-05 22:00:02+00:00,1233,261,2024-03-05,3
2024-03-06 01:30:01,2024-03-06 01:30:01+00:00,Settling,2024-03-05 15:46:09+00:00,51790940.98,5,0,4,0,1320,2024-03-05 19:30:00,0,1247,1247,Settling,2024-03-06 01:30:01+00:00,1298,276,2024-03-06,7
2024-03-05 22:00:02,2024-03-05 22:00:02+00:00,Settling,2024-03-05 17:04:40+00:00,103074953.64,4,0,7,0,114,2024-03-05 19:30:00,0,1271,1271,Settling,2024-03-05 22:00:02+00:00,1416,303,2024-03-05,3
2024-03-05 22:00:02,2024-03-05 22:00:02+00:00,Settling,2024-03-05 17:48:05+00:00,59036162.82,3,1,5,1,1146,2024-03-05 19:30:00,0,1282,1282,Settling,2024-03-05 22:00:02+00:00,1467,315,2024-03-05,3
2024-03-05 22:00:02,2024-03-05 22:00:02+00:00,Settling,2024-03-05 18:35:07+00:00,56911383.42,7,8,3,8,1236,2024-03-05 19:30:00,0,1295,1295,Settling,2024-03-05 22:00:02+00:00,1532,329,2024-03-05,3
2024-03-05 22:00:02,2024-03-05 22:00:02+00:00,Settling,2024-03-05 19:54:07+00:00,59036162.82,5,0,3,0,1146,2024-03-05 19:30:00,0,1313,1313,Settling,2024-03-05 22:00:02+00:00,1619,350,2024-03-05,3
2024-03-05 22:00:02,2024-03-05 22:00:02+00:00,Settling,2024-03-05 20:00:59+00:00,103074953.64,7,3,4,3,114,2024-03-05 19:30:00,0,1314,1314,Settling,2024-03-05 22:00:02+00:00,1623,351,2024-03-05,3
2024-03-05 22:00:02,2024-03-05 22:00:02+00:00,Settling,2024-03-05 20:14:40+00:00,35229431.5,1,5,7,5,362,2024-03-05 19:30:00,0,1315,1315,Settling,2024-03-05 22:00:02+00:00,1627,352,2024-03-05,3
2024-03-05 22:00:02,2024-03-05 22:00:02+00:00,Settling,2024-03-05 20:29:40+00:00,106280877.44,7,8,6,8,1384,2024-03-05 19:30:00,0,1316,1316,Settling,2024-03-05 22:00:02+00:00,1631,353,2024-03-05,3
2024-03-05 22:00:02,2024-03-05 22:00:02+00:00,Settling,2024-03-05 20:37:56+00:00,56911383.42,3,0,7,0,1236,2024-03-05 19:30:00,0,1317,1317,Settling,2024-03-05 22:00:02+00:00,1635,354,2024-03-05,3
2024-03-05 22:00:02,2024-03-05 22:00:02+00:00,Settling,2024-03-05 21:06:05+00:00,45873549.81,7,0,4,0,1126,2024-03-05 19:30:00,0,1318,1318,Settling,2024-03-05 22:00:02+00:00,1639,355,2024-03-05,3
2024-03-05 22:00:02,2024-03-05 22:00:02+00:00,Settling,2024-03-05 21:37:48+00:00,15102460.08,3,0,7,0,1336,2024-03-05 19:30:00,0,1319,1319,Settling,2024-03-05 22:00:02+00:00,1643,356,2024-03-05,3
2024-03-05 22:00:02,2024-03-05 22:00:02+00:00,Settling,2024-03-05 21:53:27+00:00,75402107.85,4,0,3,0,860,2024-03-05 19:30:00,0,1320,1320,Settling,2024-03-05 22:00:02+00:00,1652,358,2024-03-05,3
2024-03-06 01:30:01,2024-03-06 01:30:01+00:00,Settling,2024-03-05 22:01:53+00:00,32647703.3,7,0,6,0,541,2024-03-05 19:30:00,0,1321,1321,Settling,2024-03-06 01:30:01+00:00,1657,359,2024-03-06,7
2024-03-06 01:30:01,2024-03-06 01:30:01+00:00,Settling,2024-03-05 22:02:39+00:00,43199102.52,6,0,5,0,1238,2024-03-05 19:30:00,0,1322,1322,Settling,2024-03-06 01:30:01+00:00,1661,360,2024-03-06,7
2024-03-06 01:30:01,2024-03-06 01:30:01+00:00,Settling,2024-03-05 22:10:19+00:00,186556825.14,8,6,2,6,501,2024-03-05 19:30:00,0,1323,1323,Settling,2024-03-06 01:30:01+00:00,1665,361,2024-03-06,7
2024-03-06 01:30:01,2024-03-06 01:30:01+00:00,Settling,2024-03-05 22:14:35+00:00,43158002.21,7,0,2,0,1162,2024-03-05 19:30:00,0,1324,1324,Settling,2024-03-06 01:30:01+00:00,1669,362,2024-03-06,7
2024-03-06 01:30:01,2024-03-06 01:30:01+00:00,Settling,2024-03-05 23:02:55+00:00,28181308.44,3,8,7,8,301,2024-03-05 19:30:00,0,1325,1325,Settling,2024-03-06 01:30:01+00:00,1673,363,2024-03-06,7
2024-03-06 01:30:01,2024-03-06 01:30:01+00:00,Settling,2024-03-05 23:18:19+00:00,140906903.03,2,8,6,8,353,2024-03-05 19:30:00,0,1326,1326,Settling,2024-03-06 01:30:01+00:00,1677,364,2024-03-06,7
2024-03-06 01:30:01,2024-03-06 01:30:01+00:00,Settling,2024-03-05 23:33:36+00:00,32647703.3,6,5,7,5,541,2024-03-05 19:30:00,0,1327,1327,Settling,2024-03-06 01:30:01+00:00,1681,365,2024-03-06,7
2024-03-06 01:30:01,2024-03-06 01:30:01+00:00,Settling,2024-03-05 23:36:56+00:00,117739869.03,8,0,2,0,922,2024-03-05 19:30:00,0,1328,1328,Settling,2024-03-06 01:30:01+00:00,1685,366,2024-03-06,7
2024-03-06 01:30:01,2024-03-06 01:30:01+00:00,Settling,2024-03-05 23:41:15+00:00,23756033.6,7,0,4,0,334,2024-03-05 19:30:00,0,1329,1329,Settling,2024-03-06 01:30:01+00:00,1689,367,2024-03-06,7
2024-03-06 01:30:01,2024-03-06 01:30:01+00:00,Settling,2024-03-05 23:53:36+00:00,51790940.98,4,5,5,5,1320,2024-03-05 19:30:00,0,1330,1330,Settling,2024-03-06 01:30:01+00:00,1698,369,2024-03-06,7
2024-03-06 22:00:02,2024-03-06 22:00:02+00:00,Settling,2024-03-06 05:03:34+00:00,102439179.23,1,0,8,0,1044,2024-03-06 19:30:00,0,1408,1408,Settling,2024-03-06 22:00:02+00:00,2111,455,2024-03-06,3
2024-03-07 01:30:01,2024-03-07 01:30:01+00:00,Settling,2024-03-06 05:54:47+00:00,157659918.06,6,0,7,0,662,2024-03-06 19:30:00,0,1425,1425,Settling,2024-03-07 01:30:01+00:00,2197,474,2024-03-07,7
2024-03-07 01:30:01,2024-03-07 01:30:01+00:00,Settling,2024-03-06 05:59:41+00:00,141446672.34,8,0,1,0,1177,2024-03-06 19:30:00,0,1428,1428,Settling,2024-03-07 01:30:01+00:00,2211,477,2024-03-07,7
2024-03-06 22:00:02,2024-03-06 22:00:02+00:00,Settling,2024-03-06 09:28:28+00:00,180694304.85,2,1,1,1,455,2024-03-06 19:30:00,0,1483,1483,Settling,2024-03-06 22:00:02+00:00,2500,538,2024-03-06,3
2024-03-07 01:30:01,2024-03-07 01:30:01+00:00,Settling,2024-03-06 09:58:45+00:00,23444157.93,3,0,6,0,551,2024-03-06 19:30:00,0,1491,1491,Settling,2024-03-07 01:30:01+00:00,2542,547,2024-03-07,7
2024-03-07 01:30:01,2024-03-07 01:30:01+00:00,Settling,2024-03-06 10:58:57+00:00,29888657.55,2,0,8,0,1174,2024-03-06 19:30:00,0,1509,1509,Settling,2024-03-07 01:30:01+00:00,2636,567,2024-03-07,7
2024-03-07 01:30:01,2024-03-07 01:30:01+00:00,Settling,2024-03-06 11:30:55+00:00,213969514.08,1,0,5,0,1253,2024-03-06 19:30:00,0,1514,1514,Settling,2024-03-07 01:30:01+00:00,2663,573,2024-03-07,7
2024-03-07 01:30:01,2024-03-07 01:30:01+00:00,Settling,2024-03-06 11:51:19+00:00,29189004.59,6,2,8,2,673,2024-03-06 19:30:00,0,1523,1523,Settling,2024-03-07 01:30:01+00:00,2710,583,2024-03-07,7
2024-03-07 01:30:01,2024-03-07 01:30:01+00:00,Settling,2024-03-06 12:39:19+00:00,28702095.73,7,0,1,0,598,2024-03-06 19:30:00,0,1536,1536,Settling,2024-03-07 01:30:01+00:00,2772,597,2024-03-07,7
2024-03-07 01:30:01,2024-03-07 01:30:01+00:00,Settling,2024-03-06 13:24:45+00:00,41858117.43,1,4,3,4,373,2024-03-06 19:30:00,0,1546,1546,Settling,2024-03-07 01:30:01+00:00,2820,608,2024-03-07,7
2024-03-07 01:30:01,2024-03-07 01:30:01+00:00,Settling,2024-03-06 13:30:29+00:00,90478388.91,1,2,8,2,226,2024-03-06 19:30:00,0,1548,1548,Settling,2024-03-07 01:30:01+00:00,2829,610,2024-03-07,7
2024-03-07 01:30:01,2024-03-07 01:30:01+00:00,Settling,2024-03-06 13:46:54+00:00,33561747.45,7,6,6,6,1267,2024-03-06 19:30:00,0,1553,1553,Settling,2024-03-07 01:30:01+00:00,2856,616,2024-03-07,7
2024-03-06 22:00:02,2024-03-06 22:00:02+00:00,Settling,2024-03-06 14:22:55+00:00,58242110.63,5,5,7,5,1100,2024-03-06 19:30:00,0,1568,1568,Settling,2024-03-06 22:00:02+00:00,2925,632,2024-03-06,3
2024-03-06 22:00:02,2024-03-06 22:00:02+00:00,Settling,2024-03-06 18:16:57+00:00,37592512.15,6,0,7,0,875,2024-03-06 19:30:00,0,1629,1629,Settling,2024-03-06 22:00:02+00:00,3212,700,2024-03-06,3
2024-03-07 01:30:01,2024-03-07 01:30:01+00:00,Settling,2024-03-06 18:52:17+00:00,129743256.94,7,2,4,2,300,2024-03-06 19:30:00,0,1640,1640,Settling,2024-03-07 01:30:01+00:00,3269,713,2024-03-07,7
2024-03-07 01:30:01,2024-03-07 01:30:01+00:00,Settling,2024-03-06 19:06:22+00:00,123289313.51,8,0,7,0,659,2024-03-06 19:30:00,0,1645,1645,Settling,2024-03-07 01:30:01+00:00,3290,718,2024-03-07,7
2024-03-06 22:00:02,2024-03-06 22:00:02+00:00,Settling,2024-03-06 19:30:58+00:00,102439179.23,8,2,1,2,1044,2024-03-06 19:30:00,0,1655,1655,Settling,2024-03-06 22:00:02+00:00,3339,729,2024-03-06,3
2024-03-06 22:00:02,2024-03-06 22:00:02+00:00,Settling,2024-03-06 20:22:41+00:00,58242110.63,7,0,5,0,1100,2024-03-06 19:30:00,0,1656,1656,Settling,2024-03-06 22:00:02+00:00,3343,730,2024-03-06,3
2024-03-06 22:00:02,2024-03-06 22:00:02+00:00,Settling,2024-03-06 21:03:43+00:00,37592512.15,7,7,6,7,875,2024-03-06 19:30:00,0,1657,1657,Settling,2024-03-06 22:00:02+00:00,3347,731,2024-03-06,3
2024-03-06 22:00:02,2024-03-06 22:00:02+00:00,Settling,2024-03-06 21:46:13+00:00,180694304.85,1,0,2,0,455,2024-03-06 19:30:00,0,1658,1658,Settling,2024-03-06 22:00:02+00:00,3351,732,2024-03-06,3
2024-03-07 01:30:01,2024-03-07 01:30:01+00:00,Settling,2024-03-06 22:12:59+00:00,157659918.06,7,6,6,6,662,2024-03-06 19:30:00,0,1659,1659,Settling,2024-03-07 01:30:01+00:00,3355,733,2024-03-07,7
2024-03-07 01:30:01,2024-03-07 01:30:01+00:00,Settling,2024-03-06 22:33:36+00:00,28702095.73,1,8,7,8,598,2024-03-06 19:30:00,0,1660,1660,Settling,2024-03-07 01:30:01+00:00,3363,735,2024-03-07,7
2024-03-07 01:30:01,2024-03-07 01:30:01+00:00,Settling,2024-03-06 22:38:36+00:00,123289313.51,7,4,8,4,659,2024-03-06 19:30:00,0,1661,1661,Settling,2024-03-07 01:30:01+00:00,3367,736,2024-03-07,7
2024-03-07 01:30:01,2024-03-07 01:30:01+00:00,Settling,2024-03-06 22:48:13+00:00,29189004.59,8,0,6,0,673,2024-03-06 19:30:00,0,1662,1662,Settling,2024-03-07 01:30:01+00:00,3371,737,2024-03-07,7
2024-03-07 01:30:01,2024-03-07 01:30:01+00:00,Settling,2024-03-06 22:49:40+00:00,90478388.91,8,0,1,0,226,2024-03-06 19:30:00,0,1663,1663,Settling,2024-03-07 01:30:01+00:00,3375,738,2024-03-07,7
2024-03-07 01:30:01,2024-03-07 01:30:01+00:00,Settling,2024-03-06 23:14:56+00:00,23444157.93,6,3,3,3,551,2024-03-06 19:30:00,0,1664,1664,Settling,2024-03-07 01:30:01+00:00,3379,739,2024-03-07,7
2024-03-07 01:30:01,2024-03-07 01:30:01+00:00,Settling,2024-03-06 23:17:09+00:00,33561747.45,6,0,7,0,1267,2024-03-06 19:30:00,0,1665,1665,Settling,2024-03-07 01:30:01+00:00,3383,740,2024-03-07,7
2024-03-07 01:30:01,2024-03-07 01:30:01+00:00,Settling,2024-03-06 23:22:45+00:00,129743256.94,4,0,7,0,300,2024-03-06 19:30:00,0,1666,1666,Settling,2024-03-07 01:30:01+00:00,3387,741,2024-03-07,7
2024-03-07 01:30:01,2024-03-07 01:30:01+00:00,Settling,2024-03-06 23:35:54+00:00,141446672.34,1,7,8,7,1177,2024-03-06 19:30:00,0,1667,1667,Settling,2024-03-07 01:30:01+00:00,3391,742,2024-03-07,7
2024-03-07 01:30:01,2024-03-07 01:30:01+00:00,Settling,2024-03-06 23:56:39+00:00,41858117.43,3,0,1,0,373,2024-03-06 19:30:00,0,1668,1668,Settling,2024-03-07 01:30:01+00:00,3395,743,2024-03-07,7
2024-03-07 01:30:01,2024-03-07 01:30:01+00:00,Settling,2024-03-06 23:58:31+00:00,29888657.55,8,2,2,2,1174,2024-03-06 19:30:00,0,1669,1669,Settling,2024-03-07 01:30:01+00:00,3399,744,2024-03-07,7
2024-03-07 01:30:01,2024-03-07 01:30:01+00:00,Settling,2024-03-06 23:59:40+00:00,213969514.08,5,2,1,2,1253,2024-03-06 19:30:00,0,1670,1670,Settling,2024-03-07 01:30:01+00:00,3408,746,2024-03-07,7
2024-03-08 19:20:01,2024-03-08 19:20:01+00:00,Settling,2024-03-07 01:46:00+00:00,89675988.53,5,7,1,7,1006,2024-03-07 19:30:00,0,1684,1684,Settling,2024-03-08 19:20:01+00:00,3485,761,2024-03-08,24
2024-03-08 19:20:01,2024-03-08 19:20:01+00:00,Settling,2024-03-07 02:28:28+00:00,127402576.82,1,0,2,0,234,2024-03-07 19:30:00,0,1701,1701,Settling,2024-03-08 19:20:01+00:00,3593,781,2024-03-08,24
2024-03-07 22:00:02,2024-03-07 22:00:02+00:00,Settling,2024-03-07 02:52:30+00:00,136840514.32,6,0,3,0,103,2024-03-07 19:30:00,0,1708,1708,Settling,2024-03-07 22:00:02+00:00,3627,788,2024-03-07,3
2024-03-07 22:00:02,2024-03-07 22:00:02+00:00,Settling,2024-03-07 03:53:28+00:00,37387992.12,1,5,3,5,618,2024-03-07 19:30:00,0,1726,1726,Settling,2024-03-07 22:00:02+00:00,3724,808,2024-03-07,3
2024-03-08 19:20:01,2024-03-08 19:20:01+00:00,Settling,2024-03-07 04:20:59+00:00,84188933.82,2,1,1,1,192,2024-03-07 19:30:00,0,1737,1737,Settling,2024-03-08 19:20:01+00:00,3787,820,2024-03-08,24
2024-03-08 01:30:01,2024-03-08 01:30:01+00:00,Settling,2024-03-07 05:27:00+00:00,88868132.5,8,4,5,4,344,2024-03-07 19:30:00,0,1750,1750,Settling,2024-03-08 01:30:01+00:00,3858,835,2024-03-08,7
2024-03-08 01:30:01,2024-03-08 01:30:01+00:00,Settling,2024-03-07 06:52:58+00:00,74359430.09,5,0,4,0,650,2024-03-07 19:30:00,0,1767,1767,Settling,2024-03-08 01:30:01+00:00,3942,853,2024-03-08,7
2024-03-07 22:00:02,2024-03-07 22:00:02+00:00,Settling,2024-03-07 07:25:22+00:00,39249465.46,7,0,5,0,1101,2024-03-07 19:30:00,0,1777,1777,Settling,2024-03-07 22:00:02+00:00,3992,864,2024-03-07,3
2024-03-08 01:30:01,2024-03-08 01:30:01+00:00,Settling,2024-03-07 07:32:48+00:00,60452520.57,6,4,3,4,450,2024-03-07 19:30:00,0,1780,1780,Settling,2024-03-08 01:30:01+00:00,4009,868,2024-03-08,7
2024-03-07 22:00:02,2024-03-07 22:00:02+00:00,Settling,2024-03-07 08:14:07+00:00,57899449.12,3,0,7,0,719,2024-03-07 19:30:00,0,1792,1792,Settling,2024-03-07 22:00:02+00:00,4068,881,2024-03-07,3
2024-03-08 01:30:01,2024-03-08 01:30:01+00:00,Settling,2024-03-07 08:31:50+00:00,29055925.58,3,0,1,0,781,2024-03-07 19:30:00,0,1796,1796,Settling,2024-03-08 01:30:01+00:00,4086,885,2024-03-08,7
2024-03-07 22:00:02,2024-03-07 22:00:02+00:00,Settling,2024-03-07 10:04:33+00:00,27959508.68,7,5,8,5,1443,2024-03-07 19:30:00,0,1822,1822,Settling,2024-03-07 22:00:02+00:00,4223,915,2024-03-07,3
2024-03-08 01:30:01,2024-03-08 01:30:01+00:00,Settling,2024-03-07 11:02:42+00:00,40265349.48,5,0,4,0,82,2024-03-07 19:30:00,0,1833,1833,Settling,2024-03-08 01:30:01+00:00,4280,927,2024-03-08,7
2024-03-08 01:30:01,2024-03-08 01:30:01+00:00,Settling,2024-03-07 12:29:17+00:00,23644445.13,3,1,5,1,1351,2024-03-07 19:30:00,0,1857,1857,Settling,2024-03-08 01:30:01+00:00,4392,953,2024-03-08,7
2024-03-08 19:20:01,2024-03-08 19:20:01+00:00,Settling,2024-03-07 12:34:43+00:00,205334635.99,2,1,1,1,47,2024-03-07 19:30:00,0,1859,1859,Settling,2024-03-08 19:20:01+00:00,4406,955,2024-03-08,24
2024-03-08 19:20:01,2024-03-08 19:20:01+00:00,Settling,2024-03-07 14:45:28+00:00,84188933.82,1,0,2,0,192,2024-03-07 19:30:00,0,1897,1897,Settling,2024-03-08 19:20:01+00:00,4599,997,2024-03-08,24
2024-03-08 01:30:01,2024-03-08 01:30:01+00:00,Settling,2024-03-07 16:20:13+00:00,91381608.52,1,1,4,1,1173,2024-03-07 19:30:00,0,1919,1919,Settling,2024-03-08 01:30:01+00:00,4706,1022,2024-03-08,7
2024-03-03 01:30:01,2024-03-03 01:30:01+00:00,Settling,2024-03-02 11:16:14+00:00,44552388.38,7,6,4,6,1078,2024-03-02 19:30:00,0,193,193,Settling,2024-03-03 01:30:01+00:00,4759,1034,2024-03-03,7
2024-03-08 19:20:01,2024-03-08 19:20:01+00:00,Settling,2024-03-07 16:58:53+00:00,205334635.99,1,0,2,0,47,2024-03-07 19:30:00,0,1933,1933,Settling,2024-03-08 19:20:01+00:00,4780,1038,2024-03-08,24
2024-03-07 22:00:02,2024-03-07 22:00:02+00:00,Settling,2024-03-07 17:06:59+00:00,95500779.49,8,0,7,0,1493,2024-03-07 19:30:00,0,1937,1937,Settling,2024-03-07 22:00:02+00:00,4797,1042,2024-03-07,3
2024-03-03 01:30:01,2024-03-03 01:30:01+00:00,Settling,2024-03-02 11:22:49+00:00,50256229.5,8,7,3,7,538,2024-03-02 19:30:00,0,197,197,Settling,2024-03-03 01:30:01+00:00,4946,1078,2024-03-03,7
2024-03-08 19:20:01,2024-03-08 19:20:01+00:00,Settling,2024-03-07 19:09:50+00:00,127402576.82,2,8,1,8,234,2024-03-07 19:30:00,0,1970,1970,Settling,2024-03-08 19:20:01+00:00,4954,1079,2024-03-08,24
2024-03-08 01:30:01,2024-03-08 01:30:01+00:00,Settling,2024-03-07 19:26:01+00:00,36610783.56,3,8,7,8,266,2024-03-07 19:30:00,0,1977,1977,Settling,2024-03-08 01:30:01+00:00,4985,1086,2024-03-08,7
2024-03-07 22:00:02,2024-03-07 22:00:02+00:00,Settling,2024-03-07 19:36:19+00:00,27959508.68,8,0,7,0,1443,2024-03-07 19:30:00,0,1978,1978,Settling,2024-03-07 22:00:02+00:00,4989,1087,2024-03-07,3
2024-03-07 22:00:02,2024-03-07 22:00:02+00:00,Settling,2024-03-07 20:25:51+00:00,57899449.12,7,3,3,3,719,2024-03-07 19:30:00,0,1979,1979,Settling,2024-03-07 22:00:02+00:00,4993,1088,2024-03-07,3
2024-03-07 22:00:02,2024-03-07 22:00:02+00:00,Settling,2024-03-07 20:32:22+00:00,37387992.12,3,0,1,0,618,2024-03-07 19:30:00,0,1980,1980,Settling,2024-03-07 22:00:02+00:00,5001,1090,2024-03-07,3
2024-03-07 22:00:02,2024-03-07 22:00:02+00:00,Settling,2024-03-07 20:53:17+00:00,136840514.32,3,8,6,8,103,2024-03-07 19:30:00,0,1981,1981,Settling,2024-03-07 22:00:02+00:00,5005,1091,2024-03-07,3
2024-03-07 22:00:02,2024-03-07 22:00:02+00:00,Settling,2024-03-07 20:56:22+00:00,95500779.49,7,3,8,3,1493,2024-03-07 19:30:00,0,1982,1982,Settling,2024-03-07 22:00:02+00:00,5009,1092,2024-03-07,3
2024-03-07 22:00:02,2024-03-07 22:00:02+00:00,Settling,2024-03-07 21:38:02+00:00,39249465.46,5,1,7,1,1101,2024-03-07 19:30:00,0,1983,1983,Settling,2024-03-07 22:00:02+00:00,5013,1093,2024-03-07,3
2024-03-08 01:30:01,2024-03-08 01:30:01+00:00,Settling,2024-03-07 22:02:40+00:00,100379976.74,4,1,8,1,874,2024-03-07 19:30:00,0,1984,1984,Settling,2024-03-08 01:30:01+00:00,5018,1094,2024-03-08,7
2024-03-08 01:30:01,2024-03-08 01:30:01+00:00,Settling,2024-03-07 22:10:03+00:00,100379976.74,8,0,4,0,874,2024-03-07 19:30:00,0,1985,1985,Settling,2024-03-08 01:30:01+00:00,5022,1095,2024-03-08,7
2024-03-08 01:30:01,2024-03-08 01:30:01+00:00,Settling,2024-03-07 22:13:05+00:00,70565119.41,8,7,7,7,92,2024-03-07 19:30:00,0,1986,1986,Settling,2024-03-08 01:30:01+00:00,5027,1096,2024-03-08,7
2024-03-08 01:30:01,2024-03-08 01:30:01+00:00,Settling,2024-03-07 22:14:02+00:00,40265349.48,4,7,5,7,82,2024-03-07 19:30:00,0,1987,1987,Settling,2024-03-08 01:30:01+00:00,5031,1097,2024-03-08,7
2024-03-08 01:30:01,2024-03-08 01:30:01+00:00,Settling,2024-03-07 22:32:05+00:00,74359430.09,4,2,5,2,650,2024-03-07 19:30:00,0,1988,1988,Settling,2024-03-08 01:30:01+00:00,5035,1098,2024-03-08,7
2024-03-08 19:20:01,2024-03-08 19:20:01+00:00,Settling,2024-03-07 22:51:49+00:00,89675988.53,1,0,5,0,1006,2024-03-07 19:30:00,0,1989,1989,Settling,2024-03-08 19:20:01+00:00,5041,1099,2024-03-08,24
2024-03-08 01:30:01,2024-03-08 01:30:01+00:00,Settling,2024-03-07 22:57:44+00:00,60452520.57,3,0,6,0,450,2024-03-07 19:30:00,0,1990,1990,Settling,2024-03-08 01:30:01+00:00,5049,1101,2024-03-08,7
2024-03-08 01:30:01,2024-03-08 01:30:01+00:00,Settling,2024-03-07 23:09:56+00:00,36610783.56,7,0,3,0,266,2024-03-07 19:30:00,0,1991,1991,Settling,2024-03-08 01:30:01+00:00,5053,1102,2024-03-08,7
2024-03-08 01:30:01,2024-03-08 01:30:01+00:00,Settling,2024-03-07 23:10:11+00:00,29055925.58,1,1,3,1,781,2024-03-07 19:30:00,0,1992,1992,Settling,2024-03-08 01:30:01+00:00,5057,1103,2024-03-08,7
2024-03-08 01:30:01,2024-03-08 01:30:01+00:00,Settling,2024-03-07 23:12:08+00:00,23644445.13,5,0,3,0,1351,2024-03-07 19:30:00,0,1993,1993,Settling,2024-03-08 01:30:01+00:00,5061,1104,2024-03-08,7
2024-03-08 01:30:01,2024-03-08 01:30:01+00:00,Settling,2024-03-07 23:19:55+00:00,70565119.41,7,0,8,0,92,2024-03-07 19:30:00,0,1994,1994,Settling,2024-03-08 01:30:01+00:00,5065,1105,2024-03-08,7
2024-03-08 01:30:01,2024-03-08 01:30:01+00:00,Settling,2024-03-07 23:45:33+00:00,88868132.5,5,0,8,0,344,2024-03-07 19:30:00,0,1995,1995,Settling,2024-03-08 01:30:01+00:00,5069,1106,2024-03-08,7
2024-03-08 01:30:01,2024-03-08 01:30:01+00:00,Settling,2024-03-07 23:56:21+00:00,91381608.52,4,0,1,0,1173,2024-03-07 19:30:00,0,1996,1996,Settling,2024-03-08 01:30:01+00:00,5073,1107,2024-03-08,7
2024-03-03 01:30:01,2024-03-03 01:30:01+00:00,Settling,2024-03-02 02:21:38+00:00,20919810.61,3,0,8,0,1226,2024-03-02 19:30:00,0,20,20,Settling,2024-03-03 01:30:01+00:00,5098,1112,2024-03-03,7
2024-03-03 01:30:01,2024-03-03 01:30:01+00:00,Settling,2024-03-02 13:08:19+00:00,10951864.8,8,4,7,4,1109,2024-03-02 19:30:00,0,225,225,Settling,2024-03-03 01:30:01+00:00,6392,1390,2024-03-03,7
2024-03-03 01:30:01,2024-03-03 01:30:01+00:00,Settling,2024-03-02 14:03:59+00:00,41250049.24,7,0,2,0,186,2024-03-02 19:30:00,0,237,237,Settling,2024-03-03 01:30:01+00:00,6805,1492,2024-03-03,7
2024-03-03 01:30:01,2024-03-03 01:30:01+00:00,Settling,2024-03-02 15:02:36+00:00,88123913.94,7,7,5,7,1169,2024-03-02 19:30:00,0,249,249,Settling,2024-03-03 01:30:01+00:00,6863,1505,2024-03-03,7
2024-03-03 01:30:01,2024-03-03 01:30:01+00:00,Settling,2024-03-02 16:22:01+00:00,177606614.79,2,0,6,0,759,2024-03-02 19:30:00,0,274,274,Settling,2024-03-03 01:30:01+00:00,6984,1533,2024-03-03,7
2024-03-03 01:30:01,2024-03-03 01:30:01+00:00,Settling,2024-03-02 22:05:35+00:00,50256229.5,3,0,8,0,538,2024-03-02 19:30:00,0,334,334,Settling,2024-03-03 01:30:01+00:00,7262,1600,2024-03-03,7
2024-03-03 01:30:01,2024-03-03 01:30:01+00:00,Settling,2024-03-02 22:13:21+00:00,177606614.79,6,3,2,3,759,2024-03-02 19:30:00,0,335,335,Settling,2024-03-03 01:30:01+00:00,7266,1601,2024-03-03,7
2024-03-03 01:30:01,2024-03-03 01:30:01+00:00,Settling,2024-03-02 22:24:12+00:00,10951864.8,7,0,8,0,1109,2024-03-02 19:30:00,0,336,336,Settling,2024-03-03 01:30:01+00:00,7270,1602,2024-03-03,7
2024-03-03 01:30:01,2024-03-03 01:30:01+00:00,Settling,2024-03-02 22:41:04+00:00,20919810.61,8,4,3,4,1226,2024-03-02 19:30:00,0,337,337,Settling,2024-03-03 01:30:01+00:00,7274,1603,2024-03-03,7
2024-03-03 01:30:01,2024-03-03 01:30:01+00:00,Settling,2024-03-02 22:44:38+00:00,54820268.24,3,0,8,0,938,2024-03-02 19:30:00,0,338,338,Settling,2024-03-03 01:30:01+00:00,7278,1604,2024-03-03,7
2024-03-03 01:30:01,2024-03-03 01:30:01+00:00,Settling,2024-03-02 22:47:20+00:00,44552388.38,4,0,7,0,1078,2024-03-02 19:30:00,0,339,339,Settling,2024-03-03 01:30:01+00:00,7282,1605,2024-03-03,7
2024-03-03 01:30:01,2024-03-03 01:30:01+00:00,Settling,2024-03-02 22:58:45+00:00,41250049.24,2,3,7,3,186,2024-03-02 19:30:00,0,340,340,Settling,2024-03-03 01:30:01+00:00,7291,1607,2024-03-03,7
2024-03-03 01:30:01,2024-03-03 01:30:01+00:00,Settling,2024-03-02 23:22:29+00:00,88123913.94,5,0,7,0,1169,2024-03-02 19:30:00,0,341,341,Settling,2024-03-03 01:30:01+00:00,7295,1608,2024-03-03,7
2024-03-03 01:30:01,2024-03-03 01:30:01+00:00,Settling,2024-03-02 23:54:09+00:00,12729990.4,8,8,3,8,516,2024-03-02 19:30:00,0,342,342,Settling,2024-03-03 01:30:01+00:00,7299,1609,2024-03-03,7
2024-03-03 22:00:02,2024-03-03 22:00:02+00:00,Settling,2024-03-03 04:51:38+00:00,110279118.65,4,0,7,0,1358,2024-03-03 19:30:00,0,406,406,Settling,2024-03-03 22:00:02+00:00,7645,1680,2024-03-03,3
2024-03-03 22:00:02,2024-03-03 22:00:02+00:00,Settling,2024-03-03 04:59:47+00:00,18672663.3,5,0,2,0,1276,2024-03-03 19:30:00,0,409,409,Settling,2024-03-03 22:00:02+00:00,7659,1683,2024-03-03,3
2024-03-04 01:30:01,2024-03-04 01:30:01+00:00,Settling,2024-03-03 05:11:17+00:00,116154240.25,5,3,8,3,812,2024-03-03 19:30:00,0,411,411,Settling,2024-03-04 01:30:01+00:00,7674,1686,2024-03-04,7
2024-03-04 01:30:01,2024-03-04 01:30:01+00:00,Settling,2024-03-03 07:35:39+00:00,62639149.97,3,0,7,0,383,2024-03-03 19:30:00,0,451,451,Settling,2024-03-04 01:30:01+00:00,7885,1730,2024-03-04,7
2024-03-03 22:00:02,2024-03-03 22:00:02+00:00,Settling,2024-03-03 07:39:55+00:00,31515803.1,7,0,3,0,611,2024-03-03 19:30:00,0,452,452,Settling,2024-03-03 22:00:02+00:00,7890,1731,2024-03-03,3
2024-03-03 22:00:02,2024-03-03 22:00:02+00:00,Settling,2024-03-03 11:12:08+00:00,58457259.67,7,7,5,7,962,2024-03-03 19:30:00,0,498,498,Settling,2024-03-03 22:00:02+00:00,8140,1781,2024-03-03,3
2024-03-03 22:00:02,2024-03-03 22:00:02+00:00,Settling,2024-03-03 11:22:29+00:00,69313238.18,8,1,7,1,987,2024-03-03 19:30:00,0,502,502,Settling,2024-03-03 22:00:02+00:00,8169,1787,2024-03-03,3
2024-03-03 22:00:02,2024-03-03 22:00:02+00:00,Settling,2024-03-03 12:15:35+00:00,13157296.42,4,3,3,3,789,2024-03-03 19:30:00,0,515,515,Settling,2024-03-03 22:00:02+00:00,8235,1801,2024-03-03,3
2024-03-03 22:00:02,2024-03-03 22:00:02+00:00,Settling,2024-03-03 13:58:52+00:00,40133828.29,1,0,7,0,1481,2024-03-03 19:30:00,0,545,545,Settling,2024-03-03 22:00:02+00:00,8380,1834,2024-03-03,3
2024-03-03 22:00:02,2024-03-03 22:00:02+00:00,Settling,2024-03-03 14:17:17+00:00,38151204.39,4,0,5,0,1108,2024-03-03 19:30:00,0,550,550,Settling,2024-03-03 22:00:02+00:00,8405,1840,2024-03-03,3
2024-03-04 01:30:01,2024-03-04 01:30:01+00:00,Settling,2024-03-03 15:39:59+00:00,97101776.6,7,6,1,6,117,2024-03-03 19:30:00,0,587,587,Settling,2024-03-04 01:30:01+00:00,8578,1880,2024-03-04,7
2024-03-03 22:00:02,2024-03-03 22:00:02+00:00,Settling,2024-03-03 17:46:51+00:00,59458824.04,7,0,5,0,1130,2024-03-03 19:30:00,0,618,618,Settling,2024-03-03 22:00:02+00:00,8725,1915,2024-03-03,3
2024-03-03 01:30:01,2024-03-03 01:30:01+00:00,Settling,2024-03-02 04:21:53+00:00,54820268.24,8,5,3,5,938,2024-03-02 19:30:00,0,64,64,Settling,2024-03-03 01:30:01+00:00,8825,1939,2024-03-03,7
2024-03-03 22:00:02,2024-03-03 22:00:02+00:00,Settling,2024-03-03 19:48:33+00:00,110279118.65,7,7,4,7,1358,2024-03-03 19:30:00,0,641,641,Settling,2024-03-03 22:00:02+00:00,8833,1941,2024-03-03,3
2024-03-03 22:00:02,2024-03-03 22:00:02+00:00,Settling,2024-03-03 20:11:25+00:00,31515803.1,3,6,7,6,611,2024-03-03 19:30:00,0,642,642,Settling,2024-03-03 22:00:02+00:00,8837,1942,2024-03-03,3
2024-03-03 22:00:02,2024-03-03 22:00:02+00:00,Settling,2024-03-03 20:20:01+00:00,13157296.42,3,0,4,0,789,2024-03-03 19:30:00,0,643,643,Settling,2024-03-03 22:00:02+00:00,8841,1943,2024-03-03,3
2024-03-03 22:00:02,2024-03-03 22:00:02+00:00,Settling,2024-03-03 20:59:46+00:00,58457259.67,5,0,7,0,962,2024-03-03 19:30:00,0,644,644,Settling,2024-03-03 22:00:02+00:00,8845,1944,2024-03-03,3
2024-03-03 22:00:02,2024-03-03 22:00:02+00:00,Settling,2024-03-03 21:09:37+00:00,69313238.18,7,0,8,0,987,2024-03-03 19:30:00,0,645,645,Settling,2024-03-03 22:00:02+00:00,8849,1945,2024-03-03,3
2024-03-03 22:00:02,2024-03-03 22:00:02+00:00,Settling,2024-03-03 21:29:45+00:00,59458824.04,5,5,7,5,1130,2024-03-03 19:30:00,0,646,646,Settling,2024-03-03 22:00:02+00:00,8853,1946,2024-03-03,3
2024-03-03 22:00:02,2024-03-03 22:00:02+00:00,Settling,2024-03-03 21:31:52+00:00,38151204.39,5,6,4,6,1108,2024-03-03 19:30:00,0,647,647,Settling,2024-03-03 22:00:02+00:00,8857,1947,2024-03-03,3
2024-03-03 22:00:02,2024-03-03 22:00:02+00:00,Settling,2024-03-03 21:33:44+00:00,40133828.29,7,8,1,8,1481,2024-03-03 19:30:00,0,648,648,Settling,2024-03-03 22:00:02+00:00,8861,1948,2024-03-03,3
2024-03-03 22:00:02,2024-03-03 22:00:02+00:00,Settling,2024-03-03 21:37:33+00:00,18672663.3,2,7,5,7,1276,2024-03-03 19:30:00,0,649,649,Settling,2024-03-03 22:00:02+00:00,8865,1949,2024-03-03,3
2024-03-04 01:30:01,2024-03-04 01:30:01+00:00,Settling,2024-03-03 22:48:44+00:00,116154240.25,8,0,5,0,812,2024-03-03 19:30:00,0,650,650,Settling,2024-03-04 01:30:01+00:00,8874,1951,2024-03-04,7
2024-03-04 01:30:01,2024-03-04 01:30:01+00:00,Settling,2024-03-03 23:22:03+00:00,97101776.6,1,0,7,0,117,2024-03-03 19:30:00,0,651,651,Settling,2024-03-04 01:30:01+00:00,8878,1952,2024-03-04,7
2024-03-04 01:30:01,2024-03-04 01:30:01+00:00,Settling,2024-03-03 23:48:05+00:00,62639149.97,7,2,3,2,383,2024-03-03 19:30:00,0,652,652,Settling,2024-03-04 01:30:01+00:00,8882,1953,2024-03-04,7
2024-03-05 01:30:01,2024-03-05 01:30:01+00:00,Settling,2024-03-04 02:17:56+00:00,38192512.41,3,0,6,0,237,2024-03-04 19:30:00,0,670,670,Settling,2024-03-05 01:30:01+00:00,8980,1973,2024-03-05,7
2024-03-05 01:30:01,2024-03-05 01:30:01+00:00,Settling,2024-03-04 02:50:56+00:00,60638151.57,4,1,6,1,823,2024-03-04 19:30:00,0,679,679,Settling,2024-03-05 01:30:01+00:00,9025,1982,2024-03-05,7
2024-03-05 01:30:01,2024-03-05 01:30:01+00:00,Settling,2024-03-04 03:46:00+00:00,41550988.63,6,0,8,0,29,2024-03-04 19:30:00,0,696,696,Settling,2024-03-05 01:30:01+00:00,9119,2001,2024-03-05,7
2024-03-04 22:00:02,2024-03-04 22:00:02+00:00,Settling,2024-03-04 05:05:00+00:00,46286490.42,5,7,1,7,219,2024-03-04 19:30:00,0,711,711,Settling,2024-03-04 22:00:02+00:00,9209,2019,2024-03-04,3
2024-03-05 01:30:01,2024-03-05 01:30:01+00:00,Settling,2024-03-04 05:17:06+00:00,36938241.6,2,6,4,6,184,2024-03-04 19:30:00,0,718,718,Settling,2024-03-05 01:30:01+00:00,9241,2026,2024-03-05,7
2024-03-04 22:00:02,2024-03-04 22:00:02+00:00,Settling,2024-03-04 06:08:20+00:00,63300249.59,4,4,7,4,1137,2024-03-04 19:30:00,0,729,729,Settling,2024-03-04 22:00:02+00:00,9299,2038,2024-03-04,3
2024-03-06 19:20:01,2024-03-06 19:20:01+00:00,Settling,2024-03-04 06:16:02+00:00,106472756.47,4,0,3,0,904,2024-03-04 19:30:00,0,734,734,Settling,2024-03-06 19:20:01+00:00,9343,2044,2024-03-06,48
2024-03-04 22:00:02,2024-03-04 22:00:02+00:00,Settling,2024-03-04 08:26:33+00:00,17359303.94,7,0,3,0,940,2024-03-04 19:30:00,0,765,765,Settling,2024-03-04 22:00:02+00:00,9500,2078,2024-03-04,3
2024-03-05 01:30:01,2024-03-05 01:30:01+00:00,Settling,2024-03-04 09:10:23+00:00,33468410.0,8,0,2,0,921,2024-03-04 19:30:00,0,785,785,Settling,2024-03-05 01:30:01+00:00,9602,2100,2024-03-05,7
2024-03-04 22:00:02,2024-03-04 22:00:02+00:00,Settling,2024-03-04 09:12:45+00:00,192158354.44,1,0,4,0,838,2024-03-04 19:30:00,0,786,786,Settling,2024-03-04 22:00:02+00:00,9607,2101,2024-03-04,3
2024-03-06 19:20:01,2024-03-06 19:20:01+00:00,Settling,2024-03-04 10:01:40+00:00,106472756.47,3,7,4,7,904,2024-03-04 19:30:00,0,799,799,Settling,2024-03-06 19:20:01+00:00,9677,2115,2024-03-06,48
2024-03-04 22:00:02,2024-03-04 22:00:02+00:00,Settling,2024-03-04 10:40:52+00:00,190147587.44,5,4,2,4,900,2024-03-04 19:30:00,0,808,808,Settling,2024-03-04 22:00:02+00:00,9726,2126,2024-03-04,3
2024-03-04 22:00:02,2024-03-04 22:00:02+00:00,Settling,2024-03-04 12:27:30+00:00,86519221.45,5,0,1,0,1367,2024-03-04 19:30:00,0,835,835,Settling,2024-03-04 22:00:02+00:00,9861,2156,2024-03-04,3
2024-03-04 22:00:02,2024-03-04 22:00:02+00:00,Settling,2024-03-04 12:33:16+00:00,42554577.27,1,0,2,0,294,2024-03-04 19:30:00,0,836,836,Settling,2024-03-04 22:00:02+00:00,9866,2157,2024-03-04,3
2024-03-05 01:30:01,2024-03-05 01:30:01+00:00,Settling,2024-03-04 13:49:20+00:00,98903066.87,7,4,5,4,1327,2024-03-04 19:30:00,0,861,861,Settling,2024-03-05 01:30:01+00:00,9987,2185,2024-03-05,7
2024-03-04 22:00:02,2024-03-04 22:00:02+00:00,Settling,2024-03-04 13:57:01+00:00,136523554.48,1,2,6,2,359,2024-03-04 19:30:00,0,864,864,Settling,2024-03-04 22:00:02+00:00,10001,2188,2024-03-04,3
2024-03-05 01:30:01,2024-03-05 01:30:01+00:00,Settling,2024-03-04 14:09:26+00:00,50295104.8,7,1,6,1,755,2024-03-04 19:30:00,0,870,870,Settling,2024-03-05 01:30:01+00:00,10034,2195,2024-03-05,7
2024-03-04 22:00:02,2024-03-04 22:00:02+00:00,Settling,2024-03-04 14:13:57+00:00,70089635.02,8,0,6,0,565,2024-03-04 19:30:00,0,873,873,Settling,2024-03-04 22:00:02+00:00,10047,2198,2024-03-04,3
2024-03-03 01:30:01,2024-03-03 01:30:01+00:00,Settling,2024-03-02 05:44:43+00:00,12729990.4,3,0,8,0,516,2024-03-02 19:30:00,0,94,94,Settling,2024-03-03 01:30:01+00:00,10371,2272,2024-03-03,7
2024-03-04 22:00:02,2024-03-04 22:00:02+00:00,Settling,2024-03-04 19:31:42+00:00,192158354.44,4,6,1,6,838,2024-03-04 19:30:00,0,955,955,Settling,2024-03-04 22:00:02+00:00,10440,2289,2024-03-04,3
2024-03-04 22:00:02,2024-03-04 22:00:02+00:00,Settling,2024-03-04 19:36:37+00:00,70089635.02,6,5,8,5,565,2024-03-04 19:30:00,0,956,956,Settling,2024-03-04 22:00:02+00:00,10444,2290,2024-03-04,3
2024-03-04 22:00:02,2024-03-04 22:00:02+00:00,Settling,2024-03-04 20:03:20+00:00,136523554.48,6,0,1,0,359,2024-03-04 19:30:00,0,957,957,Settling,2024-03-04 22:00:02+00:00,10448,2291,2024-03-04,3
2024-03-04 22:00:02,2024-03-04 22:00:02+00:00,Settling,2024-03-04 20:10:02+00:00,46286490.42,1,0,5,0,219,2024-03-04 19:30:00,0,958,958,Settling,2024-03-04 22:00:02+00:00,10452,2292,2024-03-04,3
2024-03-04 22:00:02,2024-03-04 22:00:02+00:00,Settling,2024-03-04 20:20:43+00:00,63300249.59,7,0,4,0,1137,2024-03-04 19:30:00,0,959,959,Settling,2024-03-04 22:00:02+00:00,10456,2293,2024-03-04,3
2024-03-04 22:00:02,2024-03-04 22:00:02+00:00,Settling,2024-03-04 20:29:48+00:00,42554577.27,2,3,1,3,294,2024-03-04 19:30:00,0,960,960,Settling,2024-03-04 22:00:02+00:00,10464,2295,2024-03-04,3
2024-03-04 22:00:02,2024-03-04 22:00:02+00:00,Settling,2024-03-04 20:42:26+00:00,86519221.45,1,4,5,4,1367,2024-03-04 19:30:00,0,961,961,Settling,2024-03-04 22:00:02+00:00,10468,2296,2024-03-04,3
2024-03-04 22:00:02,2024-03-04 22:00:02+00:00,Settling,2024-03-04 21:26:44+00:00,190147587.44,2,0,5,0,900,2024-03-04 19:30:00,0,962,962,Settling,2024-03-04 22:00:02+00:00,10472,2297,2024-03-04,3
2024-03-04 22:00:02,2024-03-04 22:00:02+00:00,Settling,2024-03-04 21:43:33+00:00,17359303.94,3,8,7,8,940,2024-03-04 19:30:00,0,963,963,Settling,2024-03-04 22:00:02+00:00,10476,2298,2024-03-04,3
2024-03-05 01:30:01,2024-03-05 01:30:01+00:00,Settling,2024-03-04 22:15:23+00:00,50295104.8,6,0,7,0,755,2024-03-04 19:30:00,0,964,964,Settling,2024-03-05 01:30:01+00:00,10480,2299,2024-03-05,7
2024-03-05 01:30:01,2024-03-05 01:30:01+00:00,Settling,2024-03-04 22:30:46+00:00,41550988.63,8,5,6,5,29,2024-03-04 19:30:00,0,965,965,Settling,2024-03-05 01:30:01+00:00,10484,2300,2024-03-05,7
2024-03-05 01:30:01,2024-03-05 01:30:01+00:00,Settling,2024-03-04 22:30:51+00:00,33468410.0,2,5,8,5,921,2024-03-04 19:30:00,0,966,966,Settling,2024-03-05 01:30:01+00:00,10488,2301,2024-03-05,7
2024-03-05 01:30:01,2024-03-05 01:30:01+00:00,Settling,2024-03-04 22:58:40+00:00,36938241.6,4,0,2,0,184,2024-03-04 19:30:00,0,967,967,Settling,2024-03-05 01:30:01+00:00,10492,2302,2024-03-05,7
2024-03-05 01:30:01,2024-03-05 01:30:01+00:00,Settling,2024-03-04 23:01:05+00:00,60638151.57,6,0,4,0,823,2024-03-04 19:30:00,0,968,968,Settling,2024-03-05 01:30:01+00:00,10496,2303,2024-03-05,7
2024-03-05 01:30:01,2024-03-05 01:30:01+00:00,Settling,2024-03-04 23:14:38+00:00,38192512.41,6,2,3,2,237,2024-03-04 19:30:00,0,969,969,Settling,2024-03-05 01:30:01+00:00,10500,2304,2024-03-05,7
2024-03-05 01:30:01,2024-03-05 01:30:01+00:00,Settling,2024-03-04 23:17:09+00:00,98903066.87,5,0,7,0,1327,2024-03-04 19:30:00,0,970,970,Settling,2024-03-05 01:30:01+00:00,10509,2306,2024-03-05,7
2024-03-08 19:20:01,2024-03-08 19:20:01+00:00,Settling,2024-03-05 00:48:15+00:00,137660927.8,1,0,3,0,1429,2024-03-05 19:30:00,0,974,974,Settling,2024-03-08 19:20:01+00:00,10537,2310,2024-03-08,72
2024-03-06 01:30:01,2024-03-06 01:30:01+00:00,Settling,2024-03-05 02:00:31+00:00,43158002.21,2,3,7,3,1162,2024-03-05 19:30:00,0,988,988,Settling,2024-03-06 01:30:01+00:00,10612,2325,2024-03-06,7
